{"cameraMode":{"drawMode":0,"name":"Shaded","section":"Shading Mode"},"sceneLighting":true,"audioPlay":false,"sceneViewState":{"showFog":false,"showMaterialUpdate":true,"showSkybox":true,"showFlares":true,"showImageEffects":true,"showParticleSystems":true},"in2DMode":false,"pivot":{"x":255.6815643310547,"y":-12.403865814208985,"z":-28.060976028442384},"rotation":{"x":0.06525484472513199,"y":0.8773345947265625,"z":-0.45877018570899966,"w":0.12480252981185913},"size":58.737918853759769,"orthographic":false}